<?xml version="1.0" encoding="UTF-8"?>
<project-private xmlns="http://www.netbeans.org/ns/project-private/1">
    <editor-bookmarks xmlns="http://www.netbeans.org/ns/editor-bookmarks/2" lastBookmarkId="0"/>
    <open-files xmlns="http://www.netbeans.org/ns/projectui-open-files/2">
        <group name="PRJ">
            <file>file:/E:/SE1846/Kì%204/PRJ301/Code/ExamOnline/src/java/dal/DBContext.java</file>
        </group>
        <group name="Project Java"/>
    </open-files>
</project-private>
